<?xml version="1.0"?>
<doc>
    <assembly>
        <name>ConvertReportToSpec</name>
    </assembly>
    <members>
        <member name="P:ConvertReportToSpec.ElmInfo.Name">
            <summary>
            Наименование и техническая характеристика
            </summary>
        </member>
        <member name="P:ConvertReportToSpec.ElmInfo.Doc">
            <summary>
            Тип, марка, обозначение документа, опросного листа
            </summary>
        </member>
        <member name="P:ConvertReportToSpec.ElmInfo.CodeOrMaterial">
            <summary>
            Код оборудования, изделия, материал
            </summary>
        </member>
        <member name="P:ConvertReportToSpec.ElmInfo.Manufacturer">
            <summary>
            Завод-изготовитель
            </summary>
        </member>
        <member name="P:ConvertReportToSpec.ElmInfo.Unit">
            <summary>
            Единица измерения
            </summary>
        </member>
        <member name="P:ConvertReportToSpec.ElmInfo.Total">
            <summary>
            Количество
            </summary>
        </member>
        <member name="P:ConvertReportToSpec.ElmInfo.Weight">
            <summary>
            Масса единицы, кг
            </summary>
        </member>
        <member name="P:ConvertReportToSpec.ElmInfo.Comment">
            <summary>
            Примечание
            </summary>
        </member>
        <member name="P:ConvertReportToSpec.ElmInfo.Group">
            <summary>
            Группа оборудования
            </summary>
        </member>
        <member name="P:ConvertReportToSpec.ElmInfo.TotalOOV">
            <summary>
            Количество для ООВ
            </summary>
        </member>
        <member name="M:ConvertReportToSpec.ElmInfo.AppendComment(System.String)">
            <summary>
            Добавить строку к полю Comment
            </summary>
            <param name="comm">Значение для добавления</param>
        </member>
        <member name="M:ConvertReportToSpec.ElmInfo.isValid">
            <summary>
            Проверить правильность заполнения полей объекта
            </summary>
            <returns>Если всё обязатльное заполнено, то true</returns>
        </member>
        <member name="M:ConvertReportToSpec.frmConvert.RunExcel">
            <summary>
            Запускаем Excel
            </summary>
        </member>
        <member name="M:ConvertReportToSpec.frmConvert.GetStringValue(Microsoft.Office.Interop.Excel.Range,System.Int32,System.Int32)">
            <summary>
            Получение значения ячейки в формате string
            </summary>
            <param name="rng">Ссылка на Range</param>
            <param name="row">Номер строки</param>
            <param name="col">Номер колонки</param>
            <returns>Значение в ячейке или пустая строка</returns>
        </member>
        <member name="M:ConvertReportToSpec.frmConvert.GetIntValue(Microsoft.Office.Interop.Excel.Range,System.Int32,System.Int32)">
            <summary>
            Получение значения ячейки в формате int
            </summary>
            <param name="rng">Ссылка на Range</param>
            <param name="row">Номер строки</param>
            <param name="col">Номер колонки</param>
            <returns>Значение в ячейке или null</returns>
        </member>
        <member name="M:ConvertReportToSpec.frmConvert.GetDoubleValue(Microsoft.Office.Interop.Excel.Range,System.Int32,System.Int32)">
            <summary>
            Получение значения ячейки в формате double
            </summary>
            <param name="rng">Ссылка на Range</param>
            <param name="row">Номер строки</param>
            <param name="col">Номер колонки</param>
            <returns>Значение в ячейке или null</returns>
        </member>
        <member name="M:ConvertReportToSpec.frmConvert.MapColumn">
            <summary>
            Получаем расположение колонок с данными
            </summary>
            <remarks>Идем по третьей строке</remarks>
        </member>
        <member name="F:ConvertReportToSpec.frmConvert.components">
            <summary>
            Обязательная переменная конструктора.
            </summary>
        </member>
        <member name="M:ConvertReportToSpec.frmConvert.Dispose(System.Boolean)">
            <summary>
            Освободить все используемые ресурсы.
            </summary>
            <param name="disposing">истинно, если управляемый ресурс должен быть удален; иначе ложно.</param>
        </member>
        <member name="M:ConvertReportToSpec.frmConvert.InitializeComponent">
            <summary>
            Требуемый метод для поддержки конструктора — не изменяйте 
            содержимое этого метода с помощью редактора кода.
            </summary>
        </member>
        <member name="M:ConvertReportToSpec.Program.Main">
            <summary>
            Главная точка входа для приложения.
            </summary>
        </member>
        <member name="T:ConvertReportToSpec.Properties.Resources">
            <summary>
              Класс ресурса со строгой типизацией для поиска локализованных строк и т.д.
            </summary>
        </member>
        <member name="P:ConvertReportToSpec.Properties.Resources.ResourceManager">
            <summary>
              Возвращает кэшированный экземпляр ResourceManager, использованный этим классом.
            </summary>
        </member>
        <member name="P:ConvertReportToSpec.Properties.Resources.Culture">
            <summary>
              Перезаписывает свойство CurrentUICulture текущего потока для всех
              обращений к ресурсу с помощью этого класса ресурса со строгой типизацией.
            </summary>
        </member>
    </members>
</doc>
