<?xml version="1.0"?>
<doc>
    <assembly>
        <name>WriteToFileFromAveva</name>
    </assembly>
    <members>
        <member name="T:WriteToFileFromAveva.WriteToFileFromAveva">
            <summary>
            Класс для загрузки в AVEVA E3D
            </summary>
        </member>
        <member name="F:WriteToFileFromAveva.WriteToFileFromAveva.FileName">
            <summary>
            Имя файла для выгрузки
            </summary>
        </member>
        <member name="F:WriteToFileFromAveva.WriteToFileFromAveva.lineList">
            <summary>
            Буфер для строк
            </summary>
        </member>
        <member name="M:WriteToFileFromAveva.WriteToFileFromAveva.#ctor">
            <summary>
            Конструктор по умолчанию
            </summary>
        </member>
        <member name="M:WriteToFileFromAveva.WriteToFileFromAveva.Assign(WriteToFileFromAveva.WriteToFileFromAveva)">
            <summary>
            Функция для подключения
            </summary>
            <param name="that">Экземпляр класса</param>
        </member>
        <member name="M:WriteToFileFromAveva.WriteToFileFromAveva.SetOutFileName(System.String)">
            <summary>
            Установка имени файла для выгрузки
            </summary>
        </member>
        <member name="M:WriteToFileFromAveva.WriteToFileFromAveva.WriteLine(System.String)">
            <summary>
            Запись строки в буфер
            </summary>
            <param name="line">Содержимое строки для выгрузки</param>
        </member>
        <member name="M:WriteToFileFromAveva.WriteToFileFromAveva.WriteTruncLine(System.String,System.String)">
            <summary>
            Запись ограниченной строки до max символов
            </summary>
            <param name="line">Содержимое строки для выгрузки</param>
            <param name="maxStr">Ограничивающее число символов (строка)</param>
        </member>
        <member name="M:WriteToFileFromAveva.WriteToFileFromAveva.WriteDividedAttrib(System.String,System.String)">
            <summary>
            Запись разделённого на несколько строк атрибута
            </summary>
            <param name="attrib">Строка определения атрибута</param>
            <param name="maxStr">Строка с максимальным количеством символов в атрибуте</param>
        </member>
        <member name="M:WriteToFileFromAveva.WriteToFileFromAveva.Flash">
            <summary>
            Выгрузка буфера в файл
            </summary>
        </member>
        <member name="M:WriteToFileFromAveva.WriteToFileFromAveva.ClearData">
            <summary>
            Очищает буфер данных
            </summary>
        </member>
    </members>
</doc>
